id,user_id,chemin,type,date,taille,hauteur,largeur,pixels,latitude,longitude,classe
1,1,../data/images/train/clean/WhatsApp Image 2020-05-09 at 2.03.38 PM (1).jpeg,JPEG,2025-06-03,67.45,748,600,448800,47.19901600779373,-1.5091460874172986,clean
2,1,../data/images/train/clean/WhatsApp Image 2020-10-26 at 9.19.14 AM (2).jpeg,JPEG,2025-06-03,138.971,1600,1196,1913600,48.868026950206534,2.357795146995734,clean
3,1,../data/images/train/clean/WhatsApp Image 2020-08-20 at 7.44.06 AM (13).jpeg,JPEG,2025-06-03,78.182,655,600,393000,47.21334628623998,-1.5294769320865882,clean
4,1,../data/images/train/clean/WhatsApp Image 2020-07-30 at 10.57.30 AM (3).jpeg,JPEG,2025-06-03,71.771,803,600,481800,45.177817033006235,5.700209130205471,clean
5,1,../data/images/train/clean/WhatsApp Image 2020-05-08 at 2.19.00 PM (1).jpeg,JPEG,2025-06-03,48.581,338,600,202800,43.57710429210359,3.9056076937916586,clean
6,1,../data/images/train/clean/01021_03.jpg,JPG,2025-06-03,104.076,600,600,360000,45.747181824039046,4.8689027390689645,clean
7,1,../data/images/train/clean/00543_02.jpg,JPG,2025-06-03,68.592,600,600,360000,48.880698458435575,2.3327546290455183,clean
8,1,../data/images/train/clean/WhatsApp Image 2020-05-11 at 8.24.43 PM (4).jpeg,JPEG,2025-06-03,77.952,803,600,481800,43.25493246690162,5.334542661422579,clean
9,1,../data/images/train/clean/WhatsApp Image 2021-01-11 at 9.38.37 AM (5).jpeg,JPEG,2025-06-03,75.881,648,800,518400,45.20252746129678,5.731733531708473,clean
10,1,../data/images/train/clean/WhatsApp Image 2020-05-11 at 2.03.11 PM.jpeg,JPEG,2025-06-03,65.946,800,600,480000,43.295108203541744,5.382458832675869,clean
11,1,../data/images/train/clean/WhatsApp Image 2020-11-02 at 7.32.00 PM (6).jpeg,JPEG,2025-06-03,63.92,656,862,565472,48.84239744084145,2.348369343521734,clean
12,1,../data/images/train/clean/WhatsApp Image 2020-12-01 at 12.05.38 PM.jpeg,JPEG,2025-06-03,202.387,1600,900,1440000,48.886380903477686,2.373231860813433,clean
13,1,../data/images/train/clean/WhatsApp Image 2020-05-08 at 2.24.46 PM (2).jpeg,JPEG,2025-06-03,29.834,338,600,202800,43.63090285146556,3.8778828424454486,clean
14,1,../data/images/train/clean/01033_02.jpg,JPG,2025-06-03,83.566,600,600,360000,43.276156156589096,5.369693270583267,clean
15,1,../data/images/train/clean/02283_03.jpg,JPG,2025-06-03,50.605,600,600,360000,43.6042479382111,1.4603458624962216,clean
16,1,../data/images/train/clean/2098.full.jpeg,JPEG,2025-06-03,4689.338,2988,5312,15872256,48.84796115596783,2.3600050653796627,clean
17,1,../data/images/train/clean/WhatsApp Image 2021-02-09 at 9.00.34 PM (3).jpeg,JPEG,2025-06-03,29.02,800,598,478400,47.26497238016844,-1.5651792651038836,clean
18,1,../data/images/train/clean/WhatsApp Image 2020-08-27 at 3.47.00 PM (1).jpeg,JPEG,2025-06-03,37.283,555,600,333000,47.23290302798764,-1.5523262321269677,clean
19,1,../data/images/train/clean/WhatsApp Image 2020-05-24 at 5.24.31 PM (10).jpeg,JPEG,2025-06-03,26.703,415,600,249000,43.60545320466336,1.413082026990202,clean
20,1,../data/images/train/clean/WhatsApp Image 2021-02-09 at 8.54.10 AM.jpeg,JPEG,2025-06-03,55.84,800,598,478400,43.29948573126945,5.3631029545524775,clean
21,1,../data/images/train/clean/WhatsApp Image 2020-11-02 at 7.32.00 PM (4).jpeg,JPEG,2025-06-03,113.834,868,996,864528,48.85344552083492,2.393066409793646,clean
22,1,../data/images/train/clean/WhatsApp Image 2020-05-08 at 2.21.55 PM (4).jpeg,JPEG,2025-06-03,78.478,800,600,480000,43.312121465352334,5.401209892705222,clean
23,1,../data/images/train/clean/WhatsApp Image 2020-10-20 at 7.14.11 PM (4).jpeg,JPEG,2025-06-03,255.808,1600,1196,1913600,43.617612000381996,3.867615114496935,clean
24,1,../data/images/train/clean/00605_06.jpg,JPG,2025-06-03,77.154,600,600,360000,48.85563609028928,2.326007014199762,clean
25,1,../data/images/train/clean/WhatsApp Image 2020-05-24 at 5.24.32 PM (7).jpeg,JPEG,2025-06-03,47.176,442,600,265200,48.82754301081855,2.3627663321926073,clean
26,1,../data/images/train/clean/02248_07.jpg,JPG,2025-06-03,115.409,600,600,360000,48.872280128218286,2.3563500697031827,clean
27,1,../data/images/train/clean/01131_04.jpg,JPG,2025-06-03,103.808,600,600,360000,43.31577700637431,5.344969975381018,clean
28,1,../data/images/train/clean/WhatsApp Image 2020-05-10 at 4.59.16 PM (4).jpeg,JPEG,2025-06-03,56.68,483,600,289800,45.72882802000012,4.84406505109572,clean
29,1,../data/images/train/clean/WhatsApp Image 2020-12-01 at 12.45.25 PM (2).jpeg,JPEG,2025-06-03,217.797,1600,1196,1913600,45.74298176084344,4.836192841968572,clean
30,1,../data/images/train/clean/WhatsApp Image 2020-08-08 at 12.03.20 PM.jpeg,JPEG,2025-06-03,46.464,803,600,481800,43.593110734518596,1.4517945237388024,clean
31,1,../data/images/train/clean/WhatsApp Image 2020-05-09 at 2.03.38 PM (3).jpeg,JPEG,2025-06-03,51.205,323,600,193800,48.85549030083405,2.400876961568048,clean
32,1,../data/images/train/clean/WhatsApp Image 2020-08-20 at 7.38.12 AM (2).jpeg,JPEG,2025-06-03,33.1,803,600,481800,48.84792699346456,2.320594961265129,clean
33,1,../data/images/train/clean/00957_07.jpg,JPG,2025-06-03,90.289,600,600,360000,45.777895220616934,4.831568656631373,clean
34,1,../data/images/train/clean/00674_06.jpg,JPG,2025-06-03,98.499,600,600,360000,45.73121207464672,4.835121502316503,clean
35,1,../data/images/train/clean/WhatsApp Image 2020-08-31 at 9.29.10 AM.jpeg,JPEG,2025-06-03,262.733,1286,1412,1815832,48.8699411220694,2.3030650588627304,clean
36,1,../data/images/train/clean/00058_02.jpg,JPG,2025-06-03,80.483,600,600,360000,48.89292175580488,2.3576715480627723,clean
37,1,../data/images/train/clean/WhatsApp Image 2020-12-27 at 12.39.23 PM.jpeg,JPEG,2025-06-03,42.301,800,598,478400,48.844155256701875,2.3671473606322357,clean
38,1,../data/images/train/clean/01076_01.jpg,JPG,2025-06-03,88.64,600,600,360000,48.83218859791436,2.306543950199184,clean
39,1,../data/images/train/clean/WhatsApp Image 2020-07-06 at 9.41.55 AM (6).jpeg,JPEG,2025-06-03,60.247,333,600,199800,43.269969219677805,5.391044197018274,clean
40,1,../data/images/train/clean/WhatsApp Image 2020-10-04 at 10.40.19 AM (2).jpeg,JPEG,2025-06-03,281.89,1600,1322,2115200,43.28013051565915,5.353831219051659,clean
41,1,../data/images/train/clean/WhatsApp Image 2020-05-12 at 9.01.11 AM (15).jpeg,JPEG,2025-06-03,56.481,633,600,379800,43.5977857292531,3.889407938644298,clean
42,1,../data/images/train/clean/WhatsApp Image 2020-10-26 at 9.25.10 AM (3).jpeg,JPEG,2025-06-03,148.548,1266,1504,1904064,43.61707373095696,1.4532506978364266,clean
43,1,../data/images/train/clean/WhatsApp Image 2021-01-11 at 9.15.40 AM (2).jpeg,JPEG,2025-06-03,68.526,800,721,576800,43.59245680389608,3.8561265133374185,clean
44,1,../data/images/train/clean/WhatsApp Image 2021-01-11 at 9.38.37 AM (3).jpeg,JPEG,2025-06-03,42.829,601,800,480800,43.28544708453306,5.405093738685254,clean
45,1,../data/images/train/clean/WhatsApp Image 2020-10-15 at 9.23.28 AM (3).jpeg,JPEG,2025-06-03,269.706,1600,1192,1907200,48.90211522595134,2.3021448095667556,clean
46,1,../data/images/train/clean/00081_06.jpg,JPG,2025-06-03,36.434,600,600,360000,43.29128529670216,5.3521244442227145,clean
47,1,../data/images/train/clean/WhatsApp Image 2020-08-05 at 8.50.40 AM (1).jpeg,JPEG,2025-06-03,55.753,598,600,358800,48.856842930181465,2.337471756554847,clean
48,1,../data/images/train/clean/00091_03.jpg,JPG,2025-06-03,38.406,600,600,360000,47.23781801463869,-1.5591064644701087,clean
49,1,../data/images/train/clean/WhatsApp Image 2020-07-11 at 5.39.59 PM (8).jpeg,JPEG,2025-06-03,52.98,501,600,300600,45.20912125827976,5.734574720924249,clean
50,1,../data/images/train/clean/WhatsApp Image 2020-05-10 at 3.38.05 PM (7).jpeg,JPEG,2025-06-03,104.465,1000,570,570000,45.18916917541984,5.729006855073782,clean
51,1,../data/images/train/clean/01482_02.jpg,JPG,2025-06-03,67.714,600,600,360000,43.61791101259348,3.8460440829547533,clean
52,1,../data/images/train/clean/WhatsApp Image 2020-07-20 at 9.06.31 PM (2).jpeg,JPEG,2025-06-03,43.421,513,600,307800,48.87267626102753,2.3391125330777394,clean
53,1,../data/images/train/clean/WhatsApp Image 2020-05-08 at 2.18.57 PM (3).jpeg,JPEG,2025-06-03,98.071,576,600,345600,43.30534233330627,5.371816348445081,clean
54,1,../data/images/train/clean/WhatsApp Image 2020-05-24 at 5.27.44 PM (1).jpeg,JPEG,2025-06-03,29.445,286,600,171600,45.77486998205579,4.855446177985133,clean
55,1,../data/images/train/clean/WhatsApp Image 2020-12-26 at 8.22.50 AM.jpeg,JPEG,2025-06-03,22.299,371,800,296800,43.3159711489504,5.353473891818902,clean
56,1,../data/images/train/clean/WhatsApp Image 2020-10-06 at 3.11.10 PM (1).jpeg,JPEG,2025-06-03,5.615,124,164,20336,48.88060823096827,2.3569464876951947,clean
57,1,../data/images/train/clean/WhatsApp Image 2020-10-26 at 9.11.28 AM (8).jpeg,JPEG,2025-06-03,182.093,1200,1600,1920000,45.217689872067666,5.719290028761225,clean
58,1,../data/images/train/clean/00091_02.jpg,JPG,2025-06-03,42.494,600,600,360000,48.83465308262867,2.3199798878008955,clean
59,1,../data/images/train/clean/WhatsApp Image 2020-10-26 at 9.13.12 AM (10).jpeg,JPEG,2025-06-03,115.629,1200,1600,1920000,43.58581262444914,1.441985331418386,clean
60,1,../data/images/train/clean/WhatsApp Image 2020-08-08 at 12.03.20 PM (1).jpeg,JPEG,2025-06-03,55.646,609,600,365400,48.83457496190306,2.3452494653245406,clean
61,1,../data/images/train/clean/00081_07.jpg,JPG,2025-06-03,34.047,600,600,360000,45.190670853520565,5.736147919199682,clean
62,1,../data/images/train/clean/WhatsApp Image 2020-10-02 at 11.35.04 AM (1).jpeg,JPEG,2025-06-03,384.158,1600,1437,2299200,43.622088059757864,3.853565115498961,clean
63,1,../data/images/train/clean/WhatsApp Image 2020-05-24 at 5.24.31 PM (1).jpeg,JPEG,2025-06-03,41.148,505,600,303000,48.86575352908858,2.3396801413949118,clean
64,1,../data/images/train/clean/00152_06.jpg,JPG,2025-06-03,79.516,600,600,360000,45.7449863241719,4.811154804381583,clean
65,1,../data/images/train/clean/WhatsApp Image 2020-10-20 at 7.17.23 PM (6).jpeg,JPEG,2025-06-03,402.276,1600,1565,2504000,43.59837804263127,1.4115409543891602,clean
66,1,../data/images/train/clean/WhatsApp Image 2020-12-27 at 12.31.46 PM (3).jpeg,JPEG,2025-06-03,52.454,800,598,478400,45.72532643397785,4.8374991229625355,clean
67,1,../data/images/train/clean/WhatsApp Image 2020-08-05 at 8.37.47 AM.jpeg,JPEG,2025-06-03,65.884,585,600,351000,48.85512777768416,2.329417165428202,clean
68,1,../data/images/train/clean/WhatsApp Image 2020-05-24 at 5.24.31 PM (11).jpeg,JPEG,2025-06-03,34.375,502,600,301200,45.782396550202954,4.819028820254415,clean
69,1,../data/images/train/clean/02600_00.jpg,JPG,2025-06-03,71.856,600,600,360000,43.58603573184709,1.5029550569433554,clean
70,1,../data/images/train/clean/WhatsApp Image 2020-05-24 at 5.18.11 PM (3).jpeg,JPEG,2025-06-03,51.033,803,600,481800,45.17305391949347,5.737088271697735,clean
71,1,../data/images/train/clean/WhatsApp Image 2020-10-20 at 7.29.51 PM (5).jpeg,JPEG,2025-06-03,273.43,1600,1196,1913600,43.59536743355166,3.8317180854388813,clean
72,1,../data/images/train/clean/WhatsApp Image 2020-05-08 at 2.18.58 PM (5).jpeg,JPEG,2025-06-03,38.556,400,600,240000,48.886924666458675,2.355594585687807,clean
73,1,../data/images/train/clean/WhatsApp Image 2020-12-27 at 12.37.01 PM (1).jpeg,JPEG,2025-06-03,56.153,800,598,478400,43.6121995587668,1.4842347420506026,clean
74,1,../data/images/train/clean/WhatsApp Image 2020-08-20 at 7.44.06 AM (10).jpeg,JPEG,2025-06-03,52.395,503,600,301800,45.150237871496415,5.72612553685534,clean
75,1,../data/images/train/clean/00140_07.jpg,JPG,2025-06-03,47.797,600,600,360000,45.1997669092501,5.696357119475701,clean
76,1,../data/images/train/clean/WhatsApp Image 2021-01-11 at 9.15.39 AM (5).jpeg,JPEG,2025-06-03,42.427,800,598,478400,48.82949884088964,2.384592243108746,clean
77,1,../data/images/train/clean/WhatsApp Image 2020-08-20 at 7.38.12 AM (3).jpeg,JPEG,2025-06-03,50.275,851,600,510600,45.811147527300655,4.857301380006444,clean
78,1,../data/images/train/clean/WhatsApp Image 2020-05-24 at 5.18.12 PM (4).jpeg,JPEG,2025-06-03,60.893,803,600,481800,45.6943838234248,4.822317578377747,clean
79,1,../data/images/train/clean/WhatsApp Image 2020-07-06 at 9.41.53 AM (2).jpeg,JPEG,2025-06-03,53.843,466,600,279600,48.818345869658714,2.340908859934608,clean
80,1,../data/images/train/clean/WhatsApp Image 2020-05-11 at 8.24.43 PM (5).jpeg,JPEG,2025-06-03,62.196,848,600,508800,48.85385844357916,2.354112408917788,clean
81,1,../data/images/train/clean/WhatsApp Image 2020-10-10 at 12.17.58 PM (1).jpeg,JPEG,2025-06-03,362.199,1568,1600,2508800,45.78168201673119,4.8483653500460715,clean
82,1,../data/images/train/clean/WhatsApp Image 2020-11-02 at 7.23.13 PM (7).jpeg,JPEG,2025-06-03,176.523,1524,1406,2142744,45.75653201463247,4.855000299221265,clean
83,1,../data/images/train/clean/00547_06.jpg,JPG,2025-06-03,71.625,600,600,360000,43.608790987921815,1.432424729275864,clean
84,1,../data/images/train/clean/WhatsApp Image 2020-05-24 at 5.18.12 PM (6).jpeg,JPEG,2025-06-03,74.121,500,600,300000,45.173319191055825,5.709516415187418,clean
85,1,../data/images/train/clean/WhatsApp Image 2020-05-10 at 3.38.05 PM (20).jpeg,JPEG,2025-06-03,41.724,426,600,255600,48.88762525709466,2.3594155684934686,clean
86,1,../data/images/train/clean/WhatsApp Image 2020-10-27 at 9.43.56 AM.jpeg,JPEG,2025-06-03,91.819,982,1222,1200004,43.6044142193722,1.4602099648353193,clean
87,1,../data/images/train/clean/WhatsApp Image 2020-12-01 at 12.45.25 PM.jpeg,JPEG,2025-06-03,259.638,1600,1437,2299200,48.87143926033059,2.34302761446114,clean
88,1,../data/images/train/clean/WhatsApp Image 2020-05-24 at 5.24.31 PM (13).jpeg,JPEG,2025-06-03,32.582,454,600,272400,48.876126182529624,2.3415483939555917,clean
89,1,../data/images/train/clean/WhatsApp Image 2020-09-29 at 11.24.56 AM.jpeg,JPEG,2025-06-03,248.61,1420,1600,2272000,43.59212555494519,3.840218602522141,clean
90,1,../data/images/train/clean/WhatsApp Image 2020-07-11 at 5.39.59 PM (17).jpeg,JPEG,2025-06-03,45.643,554,600,332400,48.84780964249052,2.3762927014515163,clean
91,1,../data/images/train/clean/WhatsApp Image 2020-12-01 at 11.52.38 AM (1).jpeg,JPEG,2025-06-03,252.633,1600,1196,1913600,43.29966511961907,5.37465040851225,clean
92,1,../data/images/train/clean/WhatsApp Image 2020-10-27 at 9.34.54 AM (1).jpeg,JPEG,2025-06-03,114.741,1018,1090,1109620,43.61185851457384,1.4514531124450234,clean
93,1,../data/images/train/clean/WhatsApp Image 2020-11-02 at 7.32.00 PM (7).jpeg,JPEG,2025-06-03,160.982,1158,1218,1410444,48.875218681679485,2.363790088030997,clean
94,1,../data/images/train/clean/WhatsApp Image 2020-10-26 at 9.13.12 AM (7).jpeg,JPEG,2025-06-03,209.005,1200,1600,1920000,45.746595535157134,4.837184124276003,clean
95,1,../data/images/train/clean/00984_02.jpg,JPG,2025-06-03,55.481,600,600,360000,43.588729093687874,1.4684901857061068,clean
96,1,../data/images/train/clean/WhatsApp Image 2020-10-20 at 7.17.23 PM (4).jpeg,JPEG,2025-06-03,53.212,736,824,606464,48.88202276451962,2.3139244483946326,clean
97,1,../data/images/train/clean/02819_06.jpg,JPG,2025-06-03,77.022,600,600,360000,45.777652464729144,4.865602674910348,clean
98,1,../data/images/train/clean/WhatsApp Image 2021-01-11 at 9.15.40 AM (1).jpeg,JPEG,2025-06-03,44.224,800,598,478400,43.619766515207544,1.4267773247192497,clean
99,1,../data/images/train/clean/WhatsApp Image 2021-02-09 at 9.00.33 PM.jpeg,JPEG,2025-06-03,96.546,707,800,565600,43.61885431082499,1.4554855477605346,clean
100,1,../data/images/train/clean/EXXitUDUcAA0iH4.jpeg,JPEG,2025-06-03,77.61,450,600,270000,48.85097229786898,2.3715184401591918,clean
101,1,../data/images/train/clean/01785_04.jpg,JPG,2025-06-03,68.85,600,600,360000,47.22990937334989,-1.550815691827102,clean
102,1,../data/images/train/clean/WhatsApp Image 2020-10-26 at 9.19.15 AM.jpeg,JPEG,2025-06-03,193.56,1600,1196,1913600,43.589266789836444,3.8800938758470402,clean
103,1,../data/images/train/clean/WhatsApp Image 2020-10-20 at 7.14.11 PM (3).jpeg,JPEG,2025-06-03,243.018,1600,1196,1913600,45.16504793486277,5.710414245836176,clean
104,1,../data/images/train/clean/03e3ba71-7185-41eb-ac11-16c7d9d0d234.jpeg,JPEG,2025-06-27,82.742,569,600,341400,48.84433810634183,2.3083573988751604,clean
105,1,../data/images/train/clean/WhatsApp Image 2020-10-10 at 12.11.10 PM (6).jpeg,JPEG,2025-06-03,32.052,420,438,183960,45.15776104079947,5.738399958015537,clean
106,1,../data/images/train/clean/WhatsApp Image 2020-07-06 at 9.41.55 AM (5).jpeg,JPEG,2025-06-03,47.293,489,600,293400,48.86321401114128,2.344192542536649,clean
107,1,../data/images/train/clean/WhatsApp Image 2020-07-11 at 5.13.05 PM.jpeg,JPEG,2025-06-03,27.06,449,600,269400,47.22284565434917,-1.568298208289556,clean
108,1,../data/images/train/clean/01083_01.jpg,JPG,2025-06-03,78.158,600,600,360000,43.65414558924545,1.4383702004201302,clean
109,1,../data/images/train/clean/00085_03.jpg,JPG,2025-06-03,78.999,600,600,360000,48.84793393186195,2.3565644546506217,clean
110,1,../data/images/train/clean/00007_00.jpg,JPG,2025-06-03,42.438,600,600,360000,43.296513982351144,5.362756540328008,clean
111,1,../data/images/train/clean/WhatsApp Image 2020-07-11 at 5.43.32 PM (6).jpeg,JPEG,2025-06-03,46.589,500,600,300000,43.281933697001044,5.365534552480684,clean
112,1,../data/images/train/clean/00131_01.jpg,JPG,2025-06-03,51.437,600,600,360000,45.74258843840646,4.808695031761143,clean
113,1,../data/images/train/clean/01193_04.jpg,JPG,2025-06-03,65.508,600,600,360000,43.27635821271387,5.331206308073717,clean
114,1,../data/images/train/clean/WhatsApp Image 2020-05-09 at 2.08.15 PM (2).jpeg,JPEG,2025-06-03,82.882,546,600,327600,45.159787623435726,5.706200818644346,clean
115,1,../data/images/train/clean/00573_04.jpg,JPG,2025-06-03,63.571,600,600,360000,43.60421646045804,1.448903996577094,clean
116,1,../data/images/train/clean/WhatsApp Image 2020-05-10 at 5.19.25 PM.jpeg,JPEG,2025-06-03,36.159,440,600,264000,43.63005931058228,3.858996730020003,clean
117,1,../data/images/train/clean/00204_00.jpg,JPG,2025-06-03,69.066,600,600,360000,43.27769172450864,5.395358536584763,clean
118,1,../data/images/train/clean/01766_01.jpg,JPG,2025-06-03,92.322,600,600,360000,47.20098854767477,-1.5306116054347259,clean
119,1,../data/images/train/clean/WhatsApp Image 2020-10-26 at 9.19.14 AM (5).jpeg,JPEG,2025-06-03,138.281,1600,1402,2243200,48.851815504042605,2.399682834868012,clean
120,1,../data/images/train/clean/00185_01.jpg,JPG,2025-06-03,61.3,600,600,360000,45.74136367715735,4.84581003621223,clean
121,1,../data/images/train/clean/WhatsApp Image 2020-07-30 at 10.57.30 AM (4).jpeg,JPEG,2025-06-03,75.467,580,600,348000,48.87968708676818,2.334720517610298,clean
122,1,../data/images/train/clean/WhatsApp Image 2020-08-20 at 7.44.06 AM (14).jpeg,JPEG,2025-06-03,43.701,772,600,463200,48.83266679061573,2.353789649036351,clean
123,1,../data/images/train/clean/WhatsApp Image 2020-05-10 at 5.16.14 PM (4).jpeg,JPEG,2025-06-03,50.169,542,600,325200,48.85052271129138,2.345818859578673,clean
124,1,../data/images/train/clean/WhatsApp Image 2020-07-11 at 5.43.32 PM (4).jpeg,JPEG,2025-06-03,41.292,434,600,260400,43.58344734445168,1.4571784842101398,clean
125,1,../data/images/train/clean/WhatsApp Image 2020-08-27 at 3.47.00 PM.jpeg,JPEG,2025-06-03,42.986,576,600,345600,45.78275676603133,4.801680128961225,clean
126,1,../data/images/train/clean/WhatsApp Image 2020-05-10 at 3.38.05 PM.jpeg,JPEG,2025-06-03,37.928,803,600,481800,43.321902510931515,5.339319695165459,clean
127,1,../data/images/train/clean/02997_06.jpg,JPG,2025-06-03,61.847,600,600,360000,48.860602688383466,2.33450368116164,clean
128,1,../data/images/train/clean/01200_07.jpg,JPG,2025-06-03,74.309,600,600,360000,48.87201726202928,2.3710256915612096,clean
129,1,../data/images/train/clean/02997_07.jpg,JPG,2025-06-03,74.571,600,600,360000,43.34727382203475,5.349724842168732,clean
130,1,../data/images/train/clean/WhatsApp Image 2020-10-20 at 7.17.23 PM (2).jpeg,JPEG,2025-06-03,250.858,1600,1196,1913600,48.85117919075423,2.339669516346229,clean
131,1,../data/images/train/clean/WhatsApp Image 2020-05-09 at 2.08.14 PM.jpeg,JPEG,2025-06-03,28.849,391,600,234600,48.86183246111945,2.3397927255492887,clean
132,1,../data/images/train/clean/WhatsApp Image 2020-07-11 at 5.39.59 PM (11).jpeg,JPEG,2025-06-03,40.169,469,600,281400,43.294695446718876,5.402210668903317,clean
133,1,../data/images/train/clean/WhatsApp Image 2020-05-09 at 9.56.49 AM (2).jpeg,JPEG,2025-06-03,57.766,688,600,412800,48.86607254775455,2.335628324579625,clean
134,1,../data/images/train/clean/WhatsApp Image 2020-08-20 at 7.44.06 AM.jpeg,JPEG,2025-06-03,50.694,459,600,275400,45.71430776841829,4.828293532628054,clean
135,1,../data/images/train/clean/00279_01.jpg,JPG,2025-06-03,56.819,600,600,360000,43.26967109684401,5.409911480912799,clean
136,1,../data/images/train/clean/WhatsApp Image 2020-08-20 at 7.38.13 AM (4).jpeg,JPEG,2025-06-03,68.867,635,600,381000,48.86341844397118,2.349228971899859,clean
137,1,../data/images/train/clean/WhatsApp Image 2020-10-26 at 9.25.11 AM (1).jpeg,JPEG,2025-06-03,107.142,1600,1388,2220800,45.78811256155906,4.831111947945393,clean
138,1,../data/images/train/clean/WhatsApp Image 2020-06-29 at 8.55.44 AM.jpeg,JPEG,2025-06-03,51.996,803,600,481800,43.623702909419976,1.445167702365716,clean
139,1,../data/images/train/clean/WhatsApp Image 2020-05-24 at 5.10.03 PM (5).jpeg,JPEG,2025-06-03,79.984,644,600,386400,48.873679494221356,2.345985514707656,clean
140,1,../data/images/train/clean/WhatsApp Image 2020-08-27 at 3.44.11 PM (2).jpeg,JPEG,2025-06-03,43.912,531,600,318600,43.28294867574533,5.373396908374561,clean
141,1,../data/images/train/clean/WhatsApp Image 2020-07-12 at 6.25.08 PM (3).jpeg,JPEG,2025-06-03,37.278,469,600,281400,43.60419221907231,1.4522325101098295,clean
142,1,../data/images/train/clean/02255_03.jpg,JPG,2025-06-03,89.074,600,600,360000,45.76609470597277,4.8312517444308885,clean
143,1,../data/images/train/clean/WhatsApp Image 2020-05-19 at 10.25.03 AM (8).jpeg,JPEG,2025-06-03,69.441,627,600,376200,48.868226282680716,2.342686573040628,clean
144,1,../data/images/train/clean/00835_06.jpg,JPG,2025-06-03,92.247,600,600,360000,48.85889722936428,2.3080378689665224,clean
145,1,../data/images/train/clean/WhatsApp Image 2020-10-10 at 12.11.10 PM (8).jpeg,JPEG,2025-06-03,68.957,676,658,444808,48.87405083182861,2.3652726852267065,clean
146,1,../data/images/train/clean/0e02598e-acbb-423e-912e-cf2b922b5bd7.jpeg,JPEG,2025-06-03,48.387,803,600,481800,48.848441692944576,2.36922708529201,clean
147,1,../data/images/train/clean/WhatsApp Image 2020-10-10 at 12.17.58 PM.jpeg,JPEG,2025-06-03,318.92,1600,1196,1913600,47.22942074604485,-1.5783564188817425,clean
148,1,../data/images/train/clean/WhatsApp Image 2020-08-31 at 9.28.16 AM (2).jpeg,JPEG,2025-06-03,48.333,547,600,328200,43.59203064179588,3.8976384025530004,clean
149,1,../data/images/train/clean/01378_04.jpg,JPG,2025-06-03,71.862,600,600,360000,48.885651004949246,2.345812799849327,clean
150,1,../data/images/train/clean/WhatsApp Image 2020-09-24 at 8.52.37 AM (4).jpeg,JPEG,2025-06-03,207.599,1600,1196,1913600,43.57287190705008,1.4477854920885336,clean
151,1,../data/images/train/clean/WhatsApp Image 2020-12-17 at 10.28.59 PM (3).jpeg,JPEG,2025-06-03,353.905,1599,899,1437501,47.248690351251796,-1.5375419676370863,clean
152,1,../data/images/train/clean/WhatsApp Image 2020-05-09 at 10.19.28 AM (11).jpeg,JPEG,2025-06-03,38.979,598,600,358800,48.82768780055056,2.3449715432114604,clean
153,1,../data/images/train/clean/00102_01.jpg,JPG,2025-06-03,39.533,600,600,360000,48.87780893628221,2.340309678945515,clean
154,1,../data/images/train/clean/WhatsApp Image 2020-10-02 at 11.35.04 AM.jpeg,JPEG,2025-06-03,433.37,1600,1502,2403200,45.166484414343266,5.725959935119467,clean
155,1,../data/images/train/clean/WhatsApp Image 2021-01-11 at 9.38.36 AM (3).jpeg,JPEG,2025-06-03,90.86,713,800,570400,45.76729395654875,4.8111026124351834,clean
156,1,../data/images/train/clean/WhatsApp Image 2020-07-12 at 6.25.08 PM (1).jpeg,JPEG,2025-06-03,36.185,482,600,289200,48.8476645297642,2.371572463126088,clean
157,1,../data/images/train/clean/WhatsApp Image 2020-10-15 at 8.31.55 AM.jpeg,JPEG,2025-06-03,222.42,1600,1514,2422400,43.273704911436866,5.38083727310619,clean
158,1,../data/images/train/clean/WhatsApp Image 2020-05-19 at 10.25.02 AM.jpeg,JPEG,2025-06-03,46.792,449,600,269400,43.291403574632554,5.372192113377741,clean
159,1,../data/images/train/clean/00566_03.jpg,JPG,2025-06-03,78.088,600,600,360000,48.8948463527968,2.3692280418475766,clean
160,1,../data/images/train/clean/WhatsApp Image 2020-07-01 at 9.59.38 AM (1).jpeg,JPEG,2025-06-03,31.767,449,600,269400,48.87413509299905,2.3410194901353227,clean
161,1,../data/images/train/clean/02137_07.jpg,JPG,2025-06-03,72.888,600,600,360000,47.18015793677831,-1.5386566955148084,clean
162,1,../data/images/train/clean/WhatsApp Image 2020-12-04 at 2.48.11 PM.jpeg,JPEG,2025-06-03,144.124,900,1600,1440000,48.82922819768916,2.349802981612688,clean
163,1,../data/images/train/clean/WhatsApp Image 2020-07-11 at 5.13.05 PM (2).jpeg,JPEG,2025-06-03,34.669,566,600,339600,48.89200863033133,2.351244182452529,clean
164,1,../data/images/train/clean/WhatsApp Image 2020-05-24 at 5.10.03 PM (7).jpeg,JPEG,2025-06-03,34.274,510,600,306000,43.31667205899698,5.334737859061235,clean
165,1,../data/images/train/clean/WhatsApp Image 2020-10-04 at 10.35.23 AM (19).jpeg,JPEG,2025-06-03,209.355,1470,1270,1866900,47.199655439023324,-1.5445292433250966,clean
166,1,../data/images/train/clean/WhatsApp Image 2020-05-11 at 8.24.43 PM (13).jpeg,JPEG,2025-06-03,59.12,915,600,549000,48.85999945805815,2.3467959336264492,clean
167,1,../data/images/train/clean/WhatsApp Image 2020-05-09 at 10.19.13 AM (1).jpeg,JPEG,2025-06-03,25.165,1000,500,500000,48.861446673721666,2.3630696630592753,clean
168,1,../data/images/train/clean/WhatsApp Image 2020-05-10 at 4.32.46 PM.jpeg,JPEG,2025-06-03,45.91,441,600,264600,43.30705529521863,5.3821732391941985,clean
169,1,../data/images/train/clean/01999_01.jpg,JPG,2025-06-03,56.997,600,600,360000,43.30083722073966,5.344031052404853,clean
170,1,../data/images/train/clean/WhatsApp Image 2020-05-15 at 6.41.48 PM.jpeg,JPEG,2025-06-03,23.879,803,600,481800,48.87905355369596,2.3303721912541304,clean
171,1,../data/images/train/clean/WhatsApp Image 2020-09-24 at 8.52.38 AM (1).jpeg,JPEG,2025-06-03,220.436,1380,1150,1587000,43.64033250180851,1.466354409005634,clean
172,1,../data/images/train/clean/WhatsApp Image 2020-08-20 at 7.38.12 AM (19).jpeg,JPEG,2025-06-03,46.01,686,600,411600,45.15603908213068,5.713821817973664,clean
173,1,../data/images/train/clean/00903_01.jpg,JPG,2025-06-03,84.315,600,600,360000,43.29383198284217,5.385931864958273,clean
174,1,../data/images/train/clean/WhatsApp Image 2020-10-10 at 12.17.57 PM (13).jpeg,JPEG,2025-06-03,360.408,1600,1482,2371200,43.25960189519408,5.339416400340276,clean
175,1,../data/images/train/clean/02588_03.jpg,JPG,2025-06-03,71.118,600,600,360000,43.5890081380341,3.8984932973003295,clean
176,1,../data/images/train/clean/WhatsApp Image 2020-10-27 at 9.33.26 AM (7).jpeg,JPEG,2025-06-03,94.288,936,1060,992160,47.21462206624431,-1.5592788362176508,clean
177,1,../data/images/train/clean/02926_03.jpg,JPG,2025-06-03,88.136,600,600,360000,48.8233061360761,2.353841097423056,clean
178,1,../data/images/train/clean/WhatsApp Image 2020-11-02 at 7.32.01 PM (4).jpeg,JPEG,2025-06-03,312.454,1600,1196,1913600,43.59663420996054,1.451685601111546,clean
179,1,../data/images/train/clean/00595_05.jpg,JPG,2025-06-03,53.14,600,600,360000,48.857687011558774,2.341296616013363,clean
180,1,../data/images/train/clean/WhatsApp Image 2020-05-10 at 1.09.51 PM (1).jpeg,JPEG,2025-06-03,20.931,449,600,269400,43.27011709909596,5.363708927230254,clean
181,1,../data/images/train/clean/WhatsApp Image 2020-10-26 at 9.11.28 AM (1).jpeg,JPEG,2025-06-03,195.112,1200,1600,1920000,43.2924430756066,5.412904790768661,clean
182,1,../data/images/train/clean/WhatsApp Image 2020-06-29 at 8.55.44 AM (3).jpeg,JPEG,2025-06-03,50.362,803,600,481800,43.5900624582874,1.4390149911483954,clean
183,1,../data/images/train/clean/01749_00.jpg,JPG,2025-06-03,59.759,600,600,360000,43.61633138305189,3.8911293254757013,clean
184,1,../data/images/train/clean/00517_04.jpg,JPG,2025-06-03,60.291,600,600,360000,43.29471557648813,5.386169694692771,clean
185,1,../data/images/train/clean/WhatsApp Image 2020-12-27 at 12.28.47 PM (1).jpeg,JPEG,2025-06-03,45.871,522,800,417600,48.8673098361995,2.3544745892042593,clean
186,1,../data/images/train/clean/WhatsApp Image 2020-10-27 at 9.33.26 AM (11).jpeg,JPEG,2025-06-03,200.284,1414,1260,1781640,45.17427402750479,5.740101563594331,clean
187,1,../data/images/train/clean/WhatsApp Image 2020-09-24 at 8.52.38 AM (3).jpeg,JPEG,2025-06-03,232.012,1196,1600,1913600,48.82777608479008,2.335859971214782,clean
188,1,../data/images/train/clean/02902_01.jpg,JPG,2025-06-03,73.535,600,600,360000,47.22160952413998,-1.5606821528289598,clean
189,1,../data/images/train/clean/WhatsApp Image 2020-10-10 at 12.11.11 PM (3).jpeg,JPEG,2025-06-03,219.557,1600,1196,1913600,43.28795184115101,5.336404416558632,clean
190,1,../data/images/train/clean/01053_00.jpg,JPG,2025-06-03,63.021,600,600,360000,45.76966064410791,4.843812351862808,clean
191,1,../data/images/train/clean/WhatsApp Image 2020-10-15 at 9.23.29 AM (2).jpeg,JPEG,2025-06-03,394.676,1600,1196,1913600,43.324271645380804,5.3480443812947644,clean
192,1,../data/images/train/clean/01092_01.jpg,JPG,2025-06-03,94.602,600,600,360000,48.86384952917611,2.332159065527425,clean
193,1,../data/images/train/clean/WhatsApp Image 2020-08-21 at 9.54.56 AM (1).jpeg,JPEG,2025-06-03,28.586,449,600,269400,45.74989578527341,4.79499519518749,clean
194,1,../data/images/train/clean/00006_05.jpg,JPG,2025-06-03,56.088,600,600,360000,43.250005606770955,5.369180834987268,clean
195,1,../data/images/train/clean/WhatsApp Image 2020-10-27 at 9.33.26 AM (16).jpeg,JPEG,2025-06-03,174.058,1424,1392,1982208,43.3294279448536,5.378051407932882,clean
196,1,../data/images/train/clean/WhatsApp Image 2021-02-09 at 9.00.36 PM (1).jpeg,JPEG,2025-06-03,43.64,800,598,478400,43.31316447755242,5.395525372268092,clean
197,1,../data/images/train/clean/WhatsApp Image 2020-05-19 at 10.25.03 AM (12).jpeg,JPEG,2025-06-03,83.098,598,600,358800,48.85438136128741,2.337719964067914,clean
198,1,../data/images/train/clean/WhatsApp Image 2020-07-24 at 9.06.58 AM (1).jpeg,JPEG,2025-06-03,29.223,449,600,269400,43.58214345558998,1.4522678004670815,clean
199,1,../data/images/train/clean/WhatsApp Image 2020-10-04 at 10.35.23 AM (21).jpeg,JPEG,2025-06-03,278.116,1600,1600,2560000,45.74654738745258,4.8437082405847685,clean
200,1,../data/images/train/clean/WhatsApp Image 2020-10-04 at 10.42.14 AM (2).jpeg,JPEG,2025-06-03,333.109,1600,1196,1913600,43.298474915552745,5.392381388750702,clean
201,1,../data/images/train/clean/WhatsApp Image 2020-10-26 at 9.19.15 AM (5).jpeg,JPEG,2025-06-03,124.622,968,1062,1028016,48.87966490372857,2.371152338753228,clean
202,1,../data/images/train/clean/WhatsApp Image 2020-10-27 at 9.43.55 AM (1).jpeg,JPEG,2025-06-03,124.929,1405,1600,2248000,45.747488303139654,4.841031610933899,clean
203,1,../data/images/train/clean/WhatsApp Image 2020-12-26 at 4.28.25 PM (2).jpeg,JPEG,2025-06-03,125.651,642,800,513600,45.77087237179071,4.825183892253741,clean
204,1,../data/images/train/clean/00207_03.jpg,JPG,2025-06-03,47.188,600,600,360000,47.19871455249415,-1.5596180803872273,clean
205,1,../data/images/train/clean/WhatsApp Image 2020-05-24 at 5.10.04 PM.jpeg,JPEG,2025-06-03,23.999,449,600,269400,43.601239302426066,1.4304877943783638,clean
206,1,../data/images/train/clean/02879_06.jpg,JPG,2025-06-03,97.839,600,600,360000,43.625170430449316,1.4431915429655702,clean
207,1,../data/images/train/clean/WhatsApp Image 2020-10-04 at 10.42.14 AM.jpeg,JPEG,2025-06-03,312.759,1600,1196,1913600,43.31277727816247,5.348950302515457,clean
208,1,../data/images/train/clean/WhatsApp Image 2020-05-10 at 4.59.16 PM (11).jpeg,JPEG,2025-06-03,47.063,442,600,265200,43.2729494326945,5.343413042217252,clean
209,1,../data/images/train/clean/02524_07.jpg,JPG,2025-06-03,68.395,600,600,360000,43.610210211246965,1.4686500182977376,clean
210,1,../data/images/train/clean/WhatsApp Image 2020-05-24 at 5.10.03 PM (11).jpeg,JPEG,2025-06-03,51.695,555,600,333000,43.62174431876114,3.8791099991757862,clean
211,1,../data/images/train/clean/WhatsApp Image 2020-10-10 at 12.11.11 PM (6).jpeg,JPEG,2025-06-03,506.247,1557,1600,2491200,48.81479964502739,2.3484618975487916,clean
212,1,../data/images/train/clean/3f53a459-b46f-4e87-90ac-f9e43cc23320.jpeg,JPEG,2025-06-03,43.007,803,600,481800,43.27399161984506,5.381279339184033,clean
213,1,../data/images/train/clean/WhatsApp Image 2020-08-27 at 3.44.11 PM (3).jpeg,JPEG,2025-06-03,24.602,536,600,321600,48.872528108593926,2.377146541104634,clean
214,1,../data/images/train/clean/WhatsApp Image 2020-07-11 at 5.39.59 PM (6).jpeg,JPEG,2025-06-03,26.427,449,600,269400,43.59943356194772,1.450584466843911,clean
215,1,../data/images/train/clean/WhatsApp Image 2020-12-17 at 10.28.20 PM (2).jpeg,JPEG,2025-06-03,271.846,1599,899,1437501,43.6018215834478,3.8456454586436792,clean
216,1,../data/images/train/clean/WhatsApp Image 2021-01-11 at 9.15.38 AM (3).jpeg,JPEG,2025-06-03,49.434,800,656,524800,45.78734205828768,4.836659081005663,clean
217,1,../data/images/train/clean/00659_02.jpg,JPG,2025-06-03,70.041,600,600,360000,45.796422171155754,4.85987963888213,clean
218,1,../data/images/train/clean/WhatsApp Image 2020-11-02 at 7.32.01 PM (3).jpeg,JPEG,2025-06-03,402.034,1600,1288,2060800,48.85837746012263,2.354747309570743,clean
219,1,../data/images/train/clean/WhatsApp Image 2020-09-27 at 6.53.58 PM.jpeg,JPEG,2025-06-03,177.295,1600,1196,1913600,48.88742741993836,2.3639665703692128,clean
220,1,../data/images/train/clean/WhatsApp Image 2020-10-10 at 12.11.10 PM (9).jpeg,JPEG,2025-06-03,190.869,1158,1218,1410444,45.75154259007154,4.828440854420626,clean
221,1,../data/images/train/clean/WhatsApp Image 2020-12-17 at 10.03.15 (1).jpeg,JPEG,2025-06-03,136.194,1600,800,1280000,43.65086814534364,3.843825185688239,clean
222,1,../data/images/train/clean/00217_05.jpg,JPG,2025-06-03,71.167,600,600,360000,48.844005982854696,2.33589001853423,clean
223,1,../data/images/train/clean/WhatsApp Image 2020-10-06 at 1.33.53 PM.jpeg,JPEG,2025-06-03,5.251,145,144,20880,43.61214262782187,1.4654480301975024,clean
224,1,../data/images/train/clean/WhatsApp Image 2020-10-27 at 9.33.26 AM (10).jpeg,JPEG,2025-06-03,141.034,1310,1160,1519600,43.60575239913071,3.8992223405203075,clean
225,1,../data/images/train/clean/WhatsApp Image 2020-10-04 at 10.35.23 AM (6).jpeg,JPEG,2025-06-03,192.636,1496,1382,2067472,43.61452809134039,1.406913369433818,clean
226,1,../data/images/train/clean/WhatsApp Image 2020-08-21 at 9.58.11 AM (2).jpeg,JPEG,2025-06-03,73.259,631,600,378600,43.26385563841143,5.384927031385748,clean
227,1,../data/images/train/clean/WhatsApp Image 2020-05-09 at 2.03.36 PM (1).jpeg,JPEG,2025-06-03,87.624,704,600,422400,43.322239499276996,5.35665533363765,clean
228,1,../data/images/train/clean/WhatsApp Image 2020-11-02 at 7.23.13 PM (8).jpeg,JPEG,2025-06-03,284.973,1170,1204,1408680,43.33423656224249,5.384151831595861,clean
229,1,../data/images/train/clean/WhatsApp Image 2020-05-08 at 2.38.59 PM.jpeg,JPEG,2025-06-03,40.434,800,600,480000,43.631045564534624,1.441581680544605,clean
230,1,../data/images/train/clean/WhatsApp Image 2020-08-08 at 12.01.58 PM (1).jpeg,JPEG,2025-06-03,50.702,803,600,481800,43.28473826347371,5.366637970198596,clean
231,1,../data/images/train/clean/401.full.jpeg,JPEG,2025-06-03,1821.852,3000,4000,12000000,45.810194455108125,4.827672404853356,clean
232,1,../data/images/train/clean/WhatsApp Image 2021-01-11 at 9.15.37 AM (6).jpeg,JPEG,2025-06-03,39.341,800,598,478400,48.820846567761365,2.3533494800604857,clean
233,1,../data/images/train/clean/02332_03.jpg,JPG,2025-06-03,52.809,600,600,360000,43.59483074367272,1.4546132884106842,clean
234,1,../data/images/train/clean/WhatsApp Image 2020-07-11 at 8.43.03 PM (2).jpeg,JPEG,2025-06-03,41.863,337,600,202200,48.86264696580663,2.331547418619314,clean
235,1,../data/images/train/clean/WhatsApp Image 2020-09-25 at 11.46.57 AM (4).jpeg,JPEG,2025-06-03,214.716,1600,1196,1913600,48.82039737350008,2.3369653016854435,clean
236,1,../data/images/train/clean/WhatsApp Image 2020-10-20 at 7.14.11 PM (8).jpeg,JPEG,2025-06-03,348.121,1600,1392,2227200,48.850418149816065,2.330974747341068,clean
237,1,../data/images/train/clean/WhatsApp Image 2020-10-10 at 12.11.10 PM (11).jpeg,JPEG,2025-06-03,113.693,1070,1014,1084980,43.61018224728856,3.8511395483312727,clean
238,1,../data/images/train/clean/86cd7cf4-726f-40c5-9788-89c890be3914.jpeg,JPEG,2025-06-03,75.3,682,600,409200,43.349371431667976,5.396720884149294,clean
239,1,../data/images/train/clean/01505_06.jpg,JPG,2025-06-03,62.923,600,600,360000,47.2168971166638,-1.521132068754019,clean
240,1,../data/images/train/clean/WhatsApp Image 2021-01-11 at 9.38.36 AM (11).jpeg,JPEG,2025-06-03,23.139,668,800,534400,45.74052859585976,4.826097362646083,clean
241,1,../data/images/train/clean/WhatsApp Image 2020-08-20 at 7.38.13 AM (1).jpeg,JPEG,2025-06-03,43.08,496,600,297600,43.60111976065765,1.449283477844924,clean
242,1,../data/images/train/clean/WhatsApp Image 2020-07-11 at 5.39.59 PM (2).jpeg,JPEG,2025-06-03,36.946,450,600,270000,43.296366930907375,5.411426293135302,clean
243,1,../data/images/train/clean/WhatsApp Image 2020-07-11 at 5.13.05 PM (5).jpeg,JPEG,2025-06-03,46.927,663,600,397800,43.61427744327864,1.3995114711537158,clean
244,1,../data/images/train/clean/WhatsApp Image 2020-10-10 at 12.17.59 PM (1).jpeg,JPEG,2025-06-03,304.906,1600,1537,2459200,45.75098830316887,4.841811086407545,clean
245,1,../data/images/train/clean/WhatsApp Image 2020-08-14 at 10.03.55 AM (1).jpeg,JPEG,2025-06-03,32.355,803,600,481800,43.30155511015076,5.372499694416393,clean
246,1,../data/images/train/clean/01948_02.jpg,JPG,2025-06-03,53.962,600,600,360000,43.26644469964739,5.396626238394003,clean
247,1,../data/images/train/clean/WhatsApp Image 2020-05-09 at 2.08.14 PM (6).jpeg,JPEG,2025-06-03,59.963,686,600,411600,48.853954011121154,2.3681547262915728,clean
248,1,../data/images/train/clean/WhatsApp Image 2020-07-11 at 5.13.05 PM (12).jpeg,JPEG,2025-06-03,46.976,512,600,307200,48.854141773868974,2.382395426249192,clean
249,1,../data/images/train/clean/WhatsApp Image 2020-10-26 at 9.19.15 AM (1).jpeg,JPEG,2025-06-03,255.94,1600,1553,2484800,43.313211307967,5.358901555300822,clean
250,1,../data/images/train/clean/WhatsApp Image 2020-05-09 at 3.57.59 PM.jpeg,JPEG,2025-06-03,35.45,529,600,317400,45.775710069217176,4.8457483326437405,clean
251,1,../data/images/train/clean/WhatsApp Image 2020-05-24 at 5.10.03 PM (2).jpeg,JPEG,2025-06-03,61.002,520,600,312000,48.8550939269049,2.3602406896009382,clean
252,1,../data/images/train/clean/WhatsApp Image 2020-08-22 at 5.36.25 PM (3).jpeg,JPEG,2025-06-03,44.188,530,600,318000,48.875640221876935,2.393301852172429,clean
253,1,../data/images/train/clean/01616_03.jpg,JPG,2025-06-03,57.328,600,600,360000,48.86250955048846,2.407875548469781,clean
254,1,../data/images/train/clean/WhatsApp Image 2020-12-17 at 10.28.20 PM (4).jpeg,JPEG,2025-06-03,213.538,900,1600,1440000,43.59411403524908,1.4469868518724252,clean
255,1,../data/images/train/clean/01010_07.jpg,JPG,2025-06-03,77.279,600,600,360000,48.864724533701,2.3658928440311033,clean
256,1,../data/images/train/clean/WhatsApp Image 2020-12-27 at 12.39.22 PM (1).jpeg,JPEG,2025-06-03,128.38,737,800,589600,45.78567219307811,4.858137063788537,clean
257,1,../data/images/train/clean/WhatsApp Image 2020-05-10 at 4.59.16 PM.jpeg,JPEG,2025-06-03,28.643,449,600,269400,48.85121811124142,2.307593401847482,clean
258,1,../data/images/train/clean/01585_02.jpg,JPG,2025-06-03,54.385,600,600,360000,43.61519777557328,1.419284678818006,clean
259,1,../data/images/train/clean/WhatsApp Image 2020-09-21 at 8.53.15 AM (2).jpeg,JPEG,2025-06-03,315.715,1600,1196,1913600,48.86211270315775,2.340160626422072,clean
260,1,../data/images/train/clean/WhatsApp Image 2020-10-04 at 10.35.23 AM (18).jpeg,JPEG,2025-06-03,351.564,1600,1506,2409600,48.86466238654171,2.360276411173586,clean
261,1,../data/images/train/clean/00895_02.jpg,JPG,2025-06-03,54.64,600,600,360000,43.29389309708026,5.3681916845258195,clean
262,1,../data/images/train/clean/00175_05.jpg,JPG,2025-06-03,39.75,600,600,360000,45.757992790238234,4.835768295023568,clean
263,1,../data/images/train/clean/WhatsApp Image 2020-07-26 at 4.35.44 PM.jpeg,JPEG,2025-06-03,50.4,803,600,481800,48.862174460699414,2.367405021892707,clean
264,1,../data/images/train/clean/WhatsApp Image 2020-05-11 at 8.24.43 PM (8).jpeg,JPEG,2025-06-03,63.879,931,600,558600,43.59580033357253,1.4611415801997005,clean
265,1,../data/images/train/clean/WhatsApp Image 2020-10-10 at 12.11.10 PM (13).jpeg,JPEG,2025-06-03,277.716,1486,1376,2044736,48.836192335054754,2.338671739590319,clean
266,1,../data/images/train/clean/01010_06.jpg,JPG,2025-06-03,61.97,600,600,360000,43.30697905334216,5.380005927791646,clean
267,1,../data/images/train/clean/WhatsApp Image 2020-10-04 at 10.40.20 AM.jpeg,JPEG,2025-06-03,311.871,1600,1196,1913600,43.31810919738011,5.381951337286627,clean
268,1,../data/images/train/clean/WhatsApp Image 2020-10-04 at 10.40.20 AM (2).jpeg,JPEG,2025-06-03,40.286,474,460,218040,43.3011930401031,5.364579454935064,clean
269,1,../data/images/train/clean/WhatsApp Image 2020-10-04 at 10.35.23 AM (4).jpeg,JPEG,2025-06-03,34.243,582,606,352692,43.60699066732431,1.4331810377106913,clean
270,1,../data/images/train/clean/WhatsApp Image 2020-09-20 at 7.02.49 PM (3).jpeg,JPEG,2025-06-03,286.789,1196,1600,1913600,45.194787669881094,5.72642867437587,clean
271,1,../data/images/train/dirty/WhatsApp Image 2020-10-26 at 9.07.50 AM (2).jpeg,JPEG,2025-07-03,191.047,1200,1600,1920000,43.640939602482696,1.4424095477950418,dirty
272,1,../data/images/train/dirty/WhatsApp Image 2020-07-11 at 5.57.48 PM (2).jpeg,JPEG,2025-07-03,32.896,401,600,240600,43.62728648875079,1.4415284031738955,dirty
273,1,../data/images/train/dirty/WhatsApp Image 2020-05-10 at 5.16.14 PM (3).jpeg,JPEG,2025-07-03,45.457,576,600,345600,43.648350140483544,1.4404001122563523,dirty
274,1,../data/images/train/dirty/DSJ9Un1XUAYwjEV.jpeg,JPEG,2025-07-03,34.604,345,600,207000,43.614751319803446,3.850837093527077,dirty
275,1,../data/images/train/dirty/6495.jpeg,JPEG,2025-06-03,20.954,250,188,47000,48.874156503369605,2.3353291007550903,dirty
276,1,../data/images/train/dirty/WhatsApp Image 2020-10-20 at 7.28.07 PM.jpeg,JPEG,2025-06-03,236.449,1596,1596,2547216,45.74992759874147,4.850342472146662,dirty
277,1,../data/images/train/dirty/WhatsApp Image 2020-07-21 at 2.51.10 PM (1).jpeg,JPEG,2025-07-03,45.77,465,600,279000,43.30057403596278,5.365275095619826,dirty
278,1,../data/images/train/dirty/1281.full.jpeg,JPEG,2025-07-03,1140.42,1224,1632,1997568,43.61695241510902,3.907751236309793,dirty
279,1,../data/images/train/dirty/WhatsApp Image 2020-09-22 at 11.27.31 AM.jpeg,JPEG,2025-06-03,311.286,1600,1196,1913600,43.243312972859016,5.388389650146895,dirty
280,1,../data/images/train/dirty/WhatsApp Image 2020-12-22 at 11.16.47 AM (4).jpeg,JPEG,2025-07-03,110.051,800,600,480000,48.88548677583964,2.3686620995149,dirty
281,1,../data/images/train/dirty/img-20151212-wa0005_1_grande.jpg,JPG,2025-07-03,33.762,351,600,210600,45.188458324051595,5.710882254359218,dirty
282,1,../data/images/train/dirty/WhatsApp Image 2020-05-12 at 9.01.11 AM (2).jpeg,JPEG,2025-07-03,38.565,486,600,291600,45.75364932698184,4.8438702469675485,dirty
283,1,../data/images/train/dirty/WhatsApp Image 2020-05-10 at 5.07.36 PM (6).jpeg,JPEG,2025-07-03,66.489,570,600,342000,45.77325097105295,4.841093387147941,dirty
284,1,../data/images/train/dirty/WhatsApp Image 2020-12-26 at 12.39.55 AM (1).jpeg,JPEG,2025-07-03,72.779,600,800,480000,43.60860820569993,1.4688737384275206,dirty
285,1,../data/images/train/dirty/WhatsApp Image 2020-12-27 at 12.34.56 PM (1).jpeg,JPEG,2025-07-03,105.094,800,775,620000,45.775107536336144,4.827606683533859,dirty
286,1,../data/images/train/dirty/WhatsApp Image 2020-10-04 at 10.57.05 AM (1).jpeg,JPEG,2025-07-03,188.523,1600,1200,1920000,45.23085711899252,5.706705077964268,dirty
287,1,../data/images/train/dirty/asdfasf.jpeg,JPEG,2025-07-03,42.277,394,600,236400,45.7606377020875,4.799500821980386,dirty
288,1,../data/images/train/dirty/CzLc3ygWgAAaF5z.jpeg,JPEG,2025-07-03,63.841,367,600,220200,43.61978456869839,3.864680520739933,dirty
289,1,../data/images/train/dirty/WhatsApp Image 2020-12-16 at 8.56.53 AM.jpeg,JPEG,2025-07-03,213.041,1600,1196,1913600,43.60370466980702,1.4129638627720904,dirty
290,1,../data/images/train/dirty/1499.full.jpeg,JPEG,2025-07-03,1353.591,1836,3264,5992704,48.84004213842169,2.345830429786993,dirty
291,1,../data/images/train/dirty/WhatsApp Image 2020-12-26 at 12.38.07 AM (3).jpeg,JPEG,2025-07-03,73.733,600,800,480000,43.2985019088516,5.380338748252636,dirty
292,1,../data/images/train/dirty/WhatsApp Image 2020-08-31 at 9.28.16 AM.jpeg,JPEG,2025-07-03,74.46,585,600,351000,45.75674929949802,4.832145193570252,dirty
293,1,../data/images/train/dirty/WhatsApp Image 2020-06-29 at 8.55.45 AM (3).jpeg,JPEG,2025-07-03,42.901,803,600,481800,43.58408564994397,1.4261679850792885,dirty
294,1,../data/images/train/dirty/CXaVPqgWQAEI030.jpeg,JPEG,2025-07-03,78.381,504,600,302400,45.7688004547537,4.831098871288073,dirty
295,1,../data/images/train/dirty/WhatsApp Image 2020-12-26 at 12.40.50 AM (5).jpeg,JPEG,2025-07-03,76.534,800,600,480000,45.21058098272967,5.718364392142573,dirty
296,1,../data/images/train/dirty/0000811427.jpg,JPG,2025-07-03,54.721,398,600,238800,43.58282742107873,1.4410653920355494,dirty
297,1,../data/images/train/dirty/WhatsApp Image 2020-12-20 at 7.12.45 PM (4).jpeg,JPEG,2025-07-03,269.38,1600,1244,1990400,43.28104665715453,5.368641901853244,dirty
298,1,../data/images/train/dirty/WhatsApp Image 2020-12-24 at 12.34.40 PM.jpeg,JPEG,2025-07-03,87.445,480,800,384000,47.21772626946183,-1.5436072579774809,dirty
299,1,../data/images/train/dirty/WhatsApp Image 2020-12-26 at 12.38.06 AM.jpeg,JPEG,2025-07-03,80.785,800,800,640000,43.27868313315098,5.389236453803455,dirty
300,1,../data/images/train/dirty/WhatsApp Image 2020-05-18 at 11.21.18 AM (5).jpeg,JPEG,2025-07-03,89.414,658,600,394800,48.8762309475346,2.334703865725106,dirty
301,1,../data/images/train/dirty/WhatsApp Image 2020-09-24 at 8.49.45 AM (1).jpeg,JPEG,2025-07-03,238.75,1196,1600,1913600,43.29351926666541,5.334728525641826,dirty
302,1,../data/images/train/dirty/WhatsApp Image 2020-07-11 at 8.43.05 PM.jpeg,JPEG,2025-07-03,110.427,650,600,390000,45.78846341901183,4.866333776024819,dirty
303,1,../data/images/train/dirty/59b355150e3c7.jpeg,JPEG,2025-07-03,162.042,398,600,238800,43.30620631993121,5.339268962766044,dirty
304,1,../data/images/train/dirty/5365.full.jpeg,JPEG,2025-07-03,23.453,180,360,64800,48.89754797842261,2.3728984185416118,dirty
305,1,../data/images/train/dirty/279.full.jpeg,JPEG,2025-06-03,147.831,768,1024,786432,48.877131596931044,2.3471975479785097,dirty
306,1,../data/images/train/dirty/WhatsApp Image 2020-10-20 at 7.28.06 PM (6).jpeg,JPEG,2025-06-03,223.902,1600,1196,1913600,43.61599402125072,1.4548571978562692,dirty
307,1,../data/images/train/dirty/imagklkes.jpeg,JPEG,2025-07-03,32.923,408,600,244800,43.30229684528337,5.391091373560534,dirty
308,1,../data/images/train/dirty/WhatsApp Image 2020-05-25 at 12.48.32 AM.jpeg,JPEG,2025-06-03,28.678,576,600,345600,43.66400020703441,1.465917326837356,dirty
309,1,../data/images/train/dirty/WhatsApp Image 2020-12-19 at 10.08.39 AM.jpeg,JPEG,2025-07-03,137.477,1600,1196,1913600,43.629684035349754,1.4616631709723829,dirty
310,1,../data/images/train/dirty/WhatsApp Image 2020-08-13 at 8.57.54 AM.jpeg,JPEG,2025-07-03,59.23,803,600,481800,48.84975382722751,2.3525210683728783,dirty
311,1,../data/images/train/dirty/3675.jpeg,JPEG,2025-06-03,23.418,188,250,47000,45.752021512068815,4.831972552112738,dirty
312,1,../data/images/train/dirty/4430.full.jpeg,JPEG,2025-07-03,55.773,360,270,97200,43.632261746908206,3.9024951305675075,dirty
313,1,../data/images/train/dirty/WhatsApp Image 2020-07-27 at 9.15.46 AM.jpeg,JPEG,2025-07-03,30.9,264,600,158400,48.82461753054925,2.383802681901504,dirty
314,1,../data/images/train/dirty/C3vePcQWMAA9adR.jpeg,JPEG,2025-07-03,57.876,338,600,202800,45.193855024487284,5.763430856750295,dirty
315,1,../data/images/train/dirty/WhatsApp Image 2020-12-18 at 9.26.07 AM.jpeg,JPEG,2025-07-03,229.067,1600,1196,1913600,45.790477496075745,4.828840483433948,dirty
316,1,../data/images/train/dirty/1940.full.jpeg,JPEG,2025-07-03,1186.594,2448,3264,7990272,48.81318268343739,2.357938825224486,dirty
317,1,../data/images/train/dirty/WhatsApp Image 2020-09-27 at 6.47.11 PM.jpeg,JPEG,2025-07-03,141.564,1600,1196,1913600,43.59327990560721,1.4210886390378856,dirty
318,1,../data/images/train/dirty/111e0266037427a8d0e60f07a30f61c682e3a3f9.temp.jpeg,JPEG,2025-07-03,23.53,250,140,35000,48.86778218405229,2.3733066199309283,dirty
319,1,../data/images/train/dirty/1582.full.jpeg,JPEG,2025-07-03,270.459,960,1280,1228800,47.215215522438065,-1.5692403527381522,dirty
320,1,../data/images/train/dirty/2018.full.jpeg,JPEG,2025-07-03,2462.182,3264,2448,7990272,48.87627008612717,2.3439309752236457,dirty
321,1,../data/images/train/dirty/WhatsApp Image 2020-08-27 at 3.44.11 PM (14).jpeg,JPEG,2025-07-03,32.452,571,600,342600,45.76547925928148,4.8392109165978106,dirty
322,1,../data/images/train/dirty/10086.jpeg,JPEG,2025-07-03,17.7,250,140,35000,48.87601047640027,2.2973809031108057,dirty
323,1,../data/images/train/dirty/WhatsApp Image 2020-05-14 at 8.44.04 PM.jpeg,JPEG,2025-06-03,31.058,673,600,403800,43.28948636944243,5.34169680155271,dirty
324,1,../data/images/train/dirty/WhatsApp Image 2020-12-26 at 12.36.53 AM (6).jpeg,JPEG,2025-07-03,84.635,800,450,360000,43.31791992934411,5.377472279076335,dirty
325,1,../data/images/train/dirty/2076.full.jpeg,JPEG,2025-07-03,761.439,1536,2048,3145728,43.30211928641837,5.341539513093164,dirty
326,1,../data/images/train/dirty/1324.full.jpeg,JPEG,2025-07-03,61.186,450,600,270000,48.84321594543638,2.3501610097504027,dirty
327,1,../data/images/train/dirty/WhatsApp Image 2020-12-26 at 12.39.55 AM.jpeg,JPEG,2025-07-03,73.733,600,800,480000,48.856423659075084,2.3341091623242582,dirty
328,1,../data/images/train/dirty/1495.full.jpeg,JPEG,2025-06-03,844.133,2048,1536,3145728,48.820759097997296,2.3527724111913564,dirty
329,1,../data/images/train/dirty/WhatsApp Image 2020-07-11 at 8.43.04 PM (3).jpeg,JPEG,2025-07-03,42.434,721,600,432600,43.33214327237072,5.357342909937974,dirty
330,1,../data/images/train/dirty/8a046004d7f399893e3d85de1292c73b01e93217.temp.jpeg,JPEG,2025-07-03,55.207,250,188,47000,48.856476017206525,2.342452099521577,dirty
331,1,../data/images/train/dirty/WhatsApp Image 2020-12-01 at 12.04.56 PM.jpeg,JPEG,2025-07-03,297.784,1600,1200,1920000,43.5840684750626,1.4443858350506182,dirty
332,1,../data/images/train/dirty/970.full.jpeg,JPEG,2025-07-03,323.939,1200,1600,1920000,43.589552009662036,1.4420921614912534,dirty
333,1,../data/images/train/dirty/WhatsApp Image 2020-08-14 at 11.32.05 AM.jpeg,JPEG,2025-07-03,64.358,450,600,270000,43.27168719844625,5.392682704052328,dirty
334,1,../data/images/train/dirty/WhatsApp Image 2020-05-08 at 2.18.57 PM (4).jpeg,JPEG,2025-06-03,25.614,450,600,270000,48.85487172986337,2.3440507972472946,dirty
335,1,../data/images/train/dirty/885.full.jpeg,JPEG,2025-07-03,153.568,480,640,307200,48.88800064561085,2.3838407636592756,dirty
336,1,../data/images/train/dirty/WhatsApp Image 2020-07-26 at 4.35.42 PM (1).jpeg,JPEG,2025-07-03,61.945,803,600,481800,43.30650955038841,5.360490996351919,dirty
337,1,../data/images/train/dirty/EGywgHpWkAAQCqF.jpeg,JPEG,2025-07-03,78.53,450,600,270000,43.59931627736637,1.4387520805900038,dirty
338,1,../data/images/train/dirty/WhatsApp Image 2020-09-24 at 12.40.15 AM.jpeg,JPEG,2025-06-03,115.255,1196,1600,1913600,43.62447765474618,1.4163600732562398,dirty
339,1,../data/images/train/dirty/1375.full.jpeg,JPEG,2025-06-03,107.58,600,450,270000,43.300177667038106,5.360417045596101,dirty
340,1,../data/images/train/dirty/WhatsApp Image 2020-05-11 at 8.24.43 PM (7).jpeg,JPEG,2025-07-03,70.57,734,600,440400,48.883757615762,2.3451842150965425,dirty
341,1,../data/images/train/dirty/1820.full.jpeg,JPEG,2025-06-03,2707.416,3264,2448,7990272,43.61832890160715,1.438133830761281,dirty
342,1,../data/images/train/dirty/6a38dffadada495e14875895ea6141eba765e0b1.temp.jpeg,JPEG,2025-07-03,37.345,188,250,47000,43.280517788583495,5.336008855478434,dirty
343,1,../data/images/train/dirty/2632.full.jpeg,JPEG,2025-06-03,6458.141,3024,4032,12192768,45.73260079324685,4.806870115038728,dirty
344,1,../data/images/train/dirty/WhatsApp Image 2020-10-20 at 7.28.06 PM (1).jpeg,JPEG,2025-06-03,231.009,1600,1196,1913600,45.73701072857149,4.850000140276023,dirty
345,1,../data/images/train/dirty/WhatsApp Image 2020-09-27 at 6.50.11 PM (2).jpeg,JPEG,2025-07-03,179.466,1419,1600,2270400,43.60752078240796,3.8714720015008974,dirty
346,1,../data/images/train/dirty/WhatsApp Image 2020-07-11 at 5.57.48 PM (3).jpeg,JPEG,2025-07-03,69.251,842,600,505200,48.86384027823885,2.3432663305861867,dirty
347,1,../data/images/train/dirty/WhatsApp Image 2020-08-22 at 8.08.48 AM.jpeg,JPEG,2025-07-03,42.726,507,600,304200,45.778267991804114,4.852848918634348,dirty
348,1,../data/images/train/dirty/59b578137fcbe.jpeg,JPEG,2025-06-03,35.493,346,600,207600,47.199393036337966,-1.5795275183852768,dirty
349,1,../data/images/train/dirty/WhatsApp Image 2020-12-26 at 12.43.22 AM.jpeg,JPEG,2025-07-03,99.352,800,537,429600,48.854427426718225,2.337733218350975,dirty
350,1,../data/images/train/dirty/WhatsApp Image 2020-07-11 at 8.43.04 PM (1).jpeg,JPEG,2025-07-03,30.271,338,600,202800,43.29350244066475,5.386133970354271,dirty
351,1,../data/images/train/dirty/WhatsApp Image 2020-08-27 at 3.44.11 PM (11).jpeg,JPEG,2025-06-03,58.145,627,600,376200,43.643422517045636,3.9073795624169914,dirty
352,1,../data/images/train/dirty/7625.full.jpeg,JPEG,2025-07-03,275.559,1280,960,1228800,43.309985609374934,5.3688547069474195,dirty
353,1,../data/images/train/dirty/WhatsApp Image 2020-12-26 at 12.36.53 AM (7).jpeg,JPEG,2025-07-03,58.4,600,800,480000,43.30830549238124,5.361437139319814,dirty
354,1,../data/images/train/dirty/WhatsApp Image 2020-12-21 at 8.09.36 AM.jpeg,JPEG,2025-07-03,112.646,1600,1196,1913600,48.80755470797369,2.3743265820965687,dirty
355,1,../data/images/train/dirty/1974.full.jpeg,JPEG,2025-07-03,1497.0,1536,2560,3932160,45.77991813009695,4.838256053947336,dirty
356,1,../data/images/train/dirty/WhatsApp Image 2020-12-22 at 11.15.26 AM.jpeg,JPEG,2025-07-03,62.174,800,598,478400,43.29960073247191,5.361792372796334,dirty
357,1,../data/images/train/dirty/1286.full.jpeg,JPEG,2025-07-03,2724.775,4160,2336,9717760,48.839717261729646,2.3474301326523186,dirty
358,1,../data/images/train/dirty/306f1e4a986a28535ca7a50a2302263dcb1845d4.temp.jpeg,JPEG,2025-07-03,25.019,250,187,46750,48.84705236538849,2.352134081593453,dirty
359,1,../data/images/train/dirty/1309.full.jpeg,JPEG,2025-07-03,1036.64,1440,2560,3686400,48.87201356659046,2.382675748203876,dirty
360,1,../data/images/train/dirty/WhatsApp Image 2020-05-08 at 2.21.56 PM.jpeg,JPEG,2025-06-03,112.53,800,600,480000,45.77987315883961,4.831185727048614,dirty
361,1,../data/images/train/dirty/WhatsApp Image 2020-07-11 at 8.43.04 PM (5).jpeg,JPEG,2025-07-03,73.639,800,600,480000,43.61389858051644,1.4484318994076077,dirty
362,1,../data/images/train/dirty/WhatsApp Image 2020-05-08 at 2.21.56 PM (4).jpeg,JPEG,2025-06-03,27.967,338,600,202800,43.31258878220222,5.371706416138954,dirty
363,1,../data/images/train/dirty/WhatsApp Image 2020-12-26 at 12.38.07 AM (4).jpeg,JPEG,2025-07-03,72.779,600,800,480000,47.229461465528814,-1.5455761556734622,dirty
364,1,../data/images/train/dirty/1616.full.jpeg,JPEG,2025-06-03,1485.762,1920,2560,4915200,48.87790454165094,2.332441283084069,dirty
365,1,../data/images/train/dirty/WhatsApp Image 2021-02-07 at 11.07.45 AM.jpeg,JPEG,2025-07-03,52.32,800,598,478400,43.626480199635694,1.437662384406407,dirty
366,1,../data/images/train/dirty/4080.full.jpeg,JPEG,2025-07-03,27.653,270,360,97200,43.28926218057534,5.360725113829271,dirty
367,1,../data/images/train/dirty/538854bec6ec6336fd9851ae4860d367bee6f72b.temp.jpeg,JPEG,2025-07-03,21.298,141,250,35250,45.75380284845,4.845311242148215,dirty
368,1,../data/images/train/dirty/1955.full.jpeg,JPEG,2025-07-03,7147.624,3936,5248,20656128,45.75408061907348,4.839192785387357,dirty
369,1,../data/images/train/dirty/621.full.jpeg,JPEG,2025-07-03,1013.299,1536,2048,3145728,43.29991188407162,5.334730611674987,dirty
370,1,../data/images/train/dirty/721189.png,PNG,2025-07-03,783.022,799,600,479400,43.62416815921885,3.8626976825359,dirty
371,1,../data/images/train/dirty/4482.full.jpeg,JPEG,2025-07-03,40.968,360,270,97200,48.8563056348273,2.362387562326722,dirty
372,1,../data/images/train/dirty/WhatsApp Image 2020-09-27 at 6.50.11 PM (6).jpeg,JPEG,2025-07-03,198.512,1437,1600,2299200,48.84973597526738,2.3430378019433724,dirty
373,1,../data/images/train/dirty/CetPunyWsAAmkp3.jpeg,JPEG,2025-07-03,80.352,450,600,270000,48.883288912817285,2.3635787334893927,dirty
374,1,../data/images/train/dirty/WhatsApp Image 2020-09-24 at 8.49.44 AM.jpeg,JPEG,2025-07-03,214.372,1600,1196,1913600,48.82198253792469,2.3474164266793967,dirty
375,1,../data/images/train/dirty/WhatsApp Image 2020-10-27 at 9.41.00 AM (3).jpeg,JPEG,2025-06-03,107.479,1600,1196,1913600,45.18454929548606,5.749041001199403,dirty
376,1,../data/images/train/dirty/WhatsApp Image 2020-09-27 at 6.47.11 PM (3).jpeg,JPEG,2025-07-03,265.708,1571,1600,2513600,48.867634740209304,2.3235182226153492,dirty
377,1,../data/images/train/dirty/3586.full.jpeg,JPEG,2025-06-03,203.8,641,1140,730740,43.619150801605805,1.4341548856761175,dirty
378,1,../data/images/train/dirty/5b172a3fd6501.jpg,JPG,2025-07-03,55.112,800,600,480000,47.25533253001661,-1.5431127450549418,dirty
379,1,../data/images/train/dirty/WhatsApp Image 2020-12-28 at 11.33.00 AM (3).jpeg,JPEG,2025-07-03,109.533,600,800,480000,48.85799305329038,2.344561795552625,dirty
380,1,../data/images/train/dirty/WhatsApp Image 2020-07-11 at 8.43.02 PM (4).jpeg,JPEG,2025-07-03,49.287,450,600,270000,45.74719779842834,4.827570142466075,dirty
381,1,../data/images/train/dirty/WhatsApp Image 2020-12-26 at 4.27.40 PM.jpeg,JPEG,2025-07-03,128.444,561,800,448800,48.88765719551679,2.3624917798138108,dirty
382,1,../data/images/train/dirty/WhatsApp Image 2020-07-11 at 8.43.04 PM (7).jpeg,JPEG,2025-07-03,56.878,351,600,210600,43.32421806642582,5.396115330165643,dirty
383,1,../data/images/train/dirty/1107.full.jpeg,JPEG,2025-07-03,2008.207,2448,3264,7990272,48.868876826829506,2.3367355005909434,dirty
384,1,../data/images/train/dirty/WhatsApp Image 2020-05-11 at 12.03.54 PM (12).jpeg,JPEG,2025-07-03,35.535,800,600,480000,43.612565263027676,1.4701747700788759,dirty
385,1,../data/images/train/dirty/WhatsApp Image 2021-01-11 at 9.49.32 AM.jpeg,JPEG,2025-07-03,57.514,800,598,478400,47.215714637932855,-1.5488104507658822,dirty
386,1,../data/images/train/dirty/847.full.jpeg,JPEG,2025-07-03,1924.368,2592,1936,5018112,43.60276742186754,1.4021816227709616,dirty
387,1,../data/images/train/dirty/WhatsApp Image 2020-12-21 at 8.09.36 AM (1).jpeg,JPEG,2025-07-03,108.71,1600,1196,1913600,43.34789853679381,5.379794752402242,dirty
388,1,../data/images/train/dirty/81113.jpg,JPG,2025-07-03,217.004,400,600,240000,45.75072206172907,4.846460447095937,dirty
389,1,../data/images/train/dirty/AyuvD9eCYAAzSvX.jpeg,JPEG,2025-07-03,166.424,450,600,270000,43.639503630983796,3.876301292095084,dirty
390,1,../data/images/train/dirty/WhatsApp Image 2020-12-22 at 11.16.47 AM (3).jpeg,JPEG,2025-07-03,79.565,600,800,480000,43.61673256639352,3.8630401533929777,dirty
391,1,../data/images/train/dirty/WhatsApp Image 2020-12-24 at 12.56.57 PM.jpeg,JPEG,2025-07-03,127.354,451,800,360800,43.57753457606553,1.4798165842593327,dirty
392,1,../data/images/train/dirty/WhatsApp Image 2020-12-26 at 12.36.51 AM (1).jpeg,JPEG,2025-07-03,71.913,600,800,480000,43.28241059793081,5.378732794630341,dirty
393,1,../data/images/train/dirty/2011.full.jpeg,JPEG,2025-07-03,162.354,640,480,307200,43.29320928683901,5.389542444002574,dirty
394,1,../data/images/train/dirty/WhatsApp Image 2020-07-01 at 9.59.38 AM (3).jpeg,JPEG,2025-06-03,42.55,582,600,349200,43.280849125895315,5.409300547072616,dirty
395,1,../data/images/train/dirty/WhatsApp Image 2020-12-17 at 10.31.08 PM (1).jpeg,JPEG,2025-07-03,143.623,704,1373,966592,45.75646894697956,4.83307923186002,dirty
396,1,../data/images/train/dirty/WhatsApp Image 2020-07-22 at 8.09.15 AM (2).jpeg,JPEG,2025-07-03,26.814,337,600,202200,47.206333528695566,-1.517208539066027,dirty
397,1,../data/images/train/dirty/WhatsApp Image 2020-12-01 at 9.13.22 AM.jpeg,JPEG,2025-07-03,293.314,1600,1196,1913600,45.78487091818573,4.854359932853011,dirty
398,1,../data/images/train/dirty/952.full.jpeg,JPEG,2025-07-03,200.821,1083,1083,1172889,45.176768718408745,5.726003741752123,dirty
399,1,../data/images/train/dirty/WhatsApp Image 2020-05-08 at 8.50.22 AM (5).jpeg,JPEG,2025-06-03,25.791,337,600,202200,47.1866637656881,-1.5701638796253155,dirty
400,1,../data/images/train/dirty/1626.full.jpeg,JPEG,2025-07-03,864.026,1536,2048,3145728,45.77567600752313,4.848672726694419,dirty
401,1,../data/images/train/dirty/WhatsApp Image 2020-12-01 at 12.04.56 PM (1).jpeg,JPEG,2025-07-03,237.763,1600,1200,1920000,43.594782676439856,1.4111901757992447,dirty
402,1,../data/images/train/dirty/3832.full.jpeg,JPEG,2025-07-03,61.811,360,270,97200,45.7479042616668,4.852055053917521,dirty
403,1,../data/images/train/dirty/ERjHjXRXsAc0lQz.jpg,JPG,2025-07-03,157.267,800,600,480000,43.29335572213271,5.373380735930979,dirty
404,1,../data/images/train/dirty/5280.full.jpeg,JPEG,2025-07-03,51.681,360,270,97200,43.286241712500576,5.326402446259182,dirty
405,1,../data/images/train/dirty/1094.full.jpeg,JPEG,2025-07-03,956.717,2448,3264,7990272,48.86067645455055,2.3704112824474213,dirty
406,1,../data/images/train/dirty/WhatsApp Image 2020-12-26 at 4.27.39 PM (3).jpeg,JPEG,2025-07-03,156.003,600,800,480000,43.274357910908,5.380451902187411,dirty
407,1,../data/images/train/dirty/2481.full.jpeg,JPEG,2025-07-03,1627.579,2448,3264,7990272,43.623685363190184,3.888099006106828,dirty
408,1,../data/images/train/dirty/1802.full.jpeg,JPEG,2025-07-03,2877.048,3264,2448,7990272,43.291902408571076,5.341112700656823,dirty
409,1,../data/images/train/dirty/20161220145939_192.jpg,JPG,2025-07-03,51.767,365,600,219000,45.738853193991424,4.833408193993841,dirty
410,1,../data/images/train/dirty/WhatsApp Image 2020-07-11 at 5.57.47 PM (14).jpeg,JPEG,2025-07-03,51.98,341,600,204600,45.7503313641974,4.822716173501926,dirty
411,1,../data/images/train/dirty/ChsWI50XIAA0HBN.jpeg,JPEG,2025-07-03,83.062,387,600,232200,48.86284916962196,2.3539878783829127,dirty
412,1,../data/images/train/dirty/WhatsApp Image 2020-08-25 at 12.56.50 PM (7).jpeg,JPEG,2025-07-03,19.653,484,600,290400,48.85650874342019,2.3388319606339345,dirty
413,1,../data/images/train/dirty/WhatsApp Image 2020-12-26 at 4.27.40 PM (3).jpeg,JPEG,2025-07-03,150.933,800,600,480000,43.59730956766356,1.4531678058723172,dirty
414,1,../data/images/train/dirty/838.full.jpeg,JPEG,2025-06-03,1507.803,2048,1536,3145728,48.849490227181676,2.346386153839379,dirty
415,1,../data/images/train/dirty/3113.full.jpeg,JPEG,2025-07-03,205.475,753,565,425445,47.23199946151034,-1.544160773335068,dirty
416,1,../data/images/train/dirty/WhatsApp Image 2020-12-25 at 1.00.10 PM (1).jpeg,JPEG,2025-07-03,47.491,740,800,592000,45.19455370697992,5.750780189492878,dirty
417,1,../data/images/train/dirty/WhatsApp Image 2020-12-26 at 12.38.09 AM (2).jpeg,JPEG,2025-07-03,67.182,800,626,500800,48.88380222732496,2.372490653853746,dirty
418,1,../data/images/train/dirty/WhatsApp Image 2020-05-20 at 8.32.17 AM (2).jpeg,JPEG,2025-07-03,61.694,569,600,341400,48.87725200808036,2.3708602428077667,dirty
419,1,../data/images/train/dirty/WhatsApp Image 2020-09-24 at 8.49.44 AM (1).jpeg,JPEG,2025-06-03,272.258,1600,1196,1913600,43.30683338617296,5.356624623484373,dirty
420,1,../data/images/train/dirty/995147_10151854114551754_822065801_n.jpg,JPG,2025-07-03,47.146,366,600,219600,48.84261706843816,2.3359898830604156,dirty
421,1,../data/images/train/dirty/WhatsApp Image 2020-08-21 at 10.00.14 AM (2).jpeg,JPEG,2025-06-03,70.798,585,600,351000,45.770277239269404,4.821909193578393,dirty
422,1,../data/images/train/dirty/WhatsApp Image 2020-12-25 at 7.42.34 PM.jpeg,JPEG,2025-07-03,92.93,443,800,354400,43.602977231090335,1.4022968495464003,dirty
423,1,../data/images/train/dirty/WhatsApp Image 2020-07-27 at 8.58.53 AM.jpeg,JPEG,2025-07-03,37.857,409,600,245400,48.85095557622026,2.357554853314065,dirty
424,1,../data/images/train/dirty/WhatsApp Image 2020-08-20 at 9.03.05 AM (4).jpeg,JPEG,2025-07-03,58.709,497,600,298200,43.58988335184065,1.4327446315090293,dirty
425,1,../data/images/train/dirty/WhatsApp Image 2020-12-17 at 10.03.15.jpeg,JPEG,2025-07-03,201.589,1600,1200,1920000,45.15479378122476,5.759036676844375,dirty
426,1,../data/images/train/dirty/WhatsApp Image 2020-05-10 at 5.07.37 PM (6).jpeg,JPEG,2025-07-03,58.701,523,600,313800,48.850553515158474,2.3444386162040516,dirty
427,1,../data/images/train/dirty/1222.full.jpeg,JPEG,2025-07-03,946.035,2592,1944,5038848,43.59916202320407,1.4597403219151457,dirty
428,1,../data/images/train/dirty/WhatsApp Image 2020-12-29 at 5.02.34 PM (6).jpeg,JPEG,2025-07-03,157.239,379,800,303200,45.73036359349734,4.84559911035123,dirty
429,1,../data/images/train/dirty/1620.full.jpeg,JPEG,2025-06-03,704.801,2166,2121,4594086,43.275434825587105,5.3875303482513806,dirty
430,1,../data/images/train/dirty/4a6809da019575f7180dbac315f3596ab8599fe7.temp.jpeg,JPEG,2025-07-03,9.038,250,141,35250,48.879838746354935,2.3530426816348387,dirty
431,1,../data/images/train/dirty/4786.full.jpeg,JPEG,2025-07-03,38.357,360,283,101880,45.742783464083324,4.821482561391775,dirty
432,1,../data/images/train/dirty/b196930b095e25ca605c619a1f5f2bb963b34fa9.temp.jpeg,JPEG,2025-07-03,18.785,150,250,37500,48.87060485906725,2.3217141893366,dirty
433,1,../data/images/train/dirty/1110.full.jpeg,JPEG,2025-07-03,1287.533,2592,1456,3773952,43.6127268725405,1.4235009027093573,dirty
434,1,../data/images/train/dirty/WhatsApp Image 2020-08-15 at 8.07.14 AM.jpeg,JPEG,2025-07-03,99.012,800,600,480000,45.739852083367076,4.8507660853815535,dirty
435,1,../data/images/train/dirty/WhatsApp Image 2020-12-26 at 12.39.54 AM (3).jpeg,JPEG,2025-07-03,87.036,800,600,480000,43.30011061683611,5.363085698542268,dirty
436,1,../data/images/train/dirty/2457.full.jpeg,JPEG,2025-07-03,1550.927,2560,1920,4915200,43.61685028654299,1.4660209220432934,dirty
437,1,../data/images/train/dirty/WhatsApp Image 2020-12-26 at 12.36.54 AM (1).jpeg,JPEG,2025-07-03,84.774,800,600,480000,45.17606363398987,5.7139506135277225,dirty
438,1,../data/images/train/dirty/WhatsApp Image 2020-12-20 at 11.28.53 AM (5).jpeg,JPEG,2025-07-03,223.279,1600,1196,1913600,48.84686571007914,2.3555038876024113,dirty
439,1,../data/images/train/dirty/WhatsApp Image 2020-12-22 at 11.15.26 AM (1).jpeg,JPEG,2025-07-03,63.873,800,598,478400,45.74698887082676,4.861910876493845,dirty
440,1,../data/images/train/dirty/5242.full.jpeg,JPEG,2025-07-03,24.097,360,202,72720,45.20802767906924,5.756169300507682,dirty
441,1,../data/images/train/dirty/WhatsApp Image 2020-07-06 at 9.41.52 AM (3).jpeg,JPEG,2025-07-03,21.703,449,600,269400,45.77086270102034,4.854710055105652,dirty
442,1,../data/images/train/dirty/BmoaWusCMAAU75W.jpeg,JPEG,2025-07-03,43.981,366,600,219600,43.29191567896893,5.379820666870347,dirty
443,1,../data/images/train/dirty/contenedor.jpg,JPG,2025-07-03,279.622,338,600,202800,48.842953147977596,2.380114638718571,dirty
444,1,../data/images/train/dirty/8763.jpeg,JPEG,2025-07-03,15.351,250,141,35250,43.58717362664052,1.4300384226761171,dirty
445,1,../data/images/train/dirty/WhatsApp Image 2020-08-20 at 9.03.05 AM (1).jpeg,JPEG,2025-07-03,28.633,449,600,269400,48.81585848130056,2.3433899088225294,dirty
446,1,../data/images/train/dirty/CxqicF5WgAARkSg.jpeg,JPEG,2025-07-03,54.321,338,600,202800,47.23386166378355,-1.5648089630297906,dirty
447,1,../data/images/train/dirty/4400.full.jpeg,JPEG,2025-07-03,68.372,1316,640,842240,43.30150487865148,5.337208140280473,dirty
448,1,../data/images/train/dirty/WhatsApp Image 2020-12-29 at 5.02.34 PM (3).jpeg,JPEG,2025-07-03,131.68,379,800,303200,47.22633677331698,-1.5676166335773218,dirty
449,1,../data/images/train/dirty/WhatsApp Image 2020-12-26 at 12.39.50 AM.jpeg,JPEG,2025-07-03,79.136,800,600,480000,43.25008525252044,5.373771167257925,dirty
450,1,../data/images/train/dirty/WhatsApp Image 2020-07-22 at 8.09.15 AM (1).jpeg,JPEG,2025-07-03,22.782,338,600,202800,45.19775252670762,5.703088113235288,dirty
451,1,../data/images/train/dirty/WhatsApp Image 2020-09-27 at 5.35.13 PM (2).jpeg,JPEG,2025-07-03,161.827,1516,1600,2425600,43.28484398797174,5.322405571810311,dirty
452,1,../data/images/train/dirty/WhatsApp Image 2020-12-26 at 12.40.52 AM (7).jpeg,JPEG,2025-07-03,43.847,449,800,359200,43.29743830869901,5.383245145688275,dirty
453,1,../data/images/train/dirty/WhatsApp Image 2020-08-24 at 7.55.39 AM.jpeg,JPEG,2025-07-03,25.202,483,600,289800,48.86645372967601,2.352753818632324,dirty
454,1,../data/images/train/dirty/WhatsApp Image 2020-05-08 at 2.21.54 PM (1).jpeg,JPEG,2025-06-03,71.667,800,600,480000,48.84331545113391,2.3996865880698475,dirty
455,1,../data/images/train/dirty/WhatsApp Image 2020-12-26 at 4.27.40 PM (2).jpeg,JPEG,2025-07-03,84.113,457,800,365600,43.62461504473363,1.4717360698575785,dirty
456,1,../data/images/train/dirty/WhatsApp Image 2020-10-14 at 1.29.31 PM.jpeg,JPEG,2025-07-03,242.269,1600,1196,1913600,43.29709967269054,5.37247695308492,dirty
457,1,../data/images/train/dirty/WhatsApp Image 2020-10-04 at 10.57.59 AM (1).jpeg,JPEG,2025-07-03,304.23,1152,1106,1274112,45.78135530048342,4.844133698478245,dirty
458,1,../data/images/train/dirty/WhatsApp Image 2020-12-26 at 12.40.52 AM (5).jpeg,JPEG,2025-07-03,41.665,600,800,480000,48.87558285975562,2.3276389196175273,dirty
459,1,../data/images/train/dirty/WhatsApp Image 2020-12-26 at 6.48.52 PM.jpeg,JPEG,2025-07-03,289.812,455,800,364000,45.763834438509,4.853657770775207,dirty
460,1,../data/images/train/dirty/00511_01.jpg,JPG,2025-06-03,61.379,600,600,360000,43.27533229194306,5.394733894730591,dirty
461,1,../data/images/train/dirty/WhatsApp Image 2020-05-20 at 5.30.07 PM (1).jpeg,JPEG,2025-07-03,46.77,427,600,256200,45.76068553893707,4.83997260848857,dirty
462,1,../data/images/train/dirty/WhatsApp Image 2020-12-29 at 5.02.34 PM (1).jpeg,JPEG,2025-07-03,165.327,379,800,303200,47.20605106775082,-1.5385724802584813,dirty
463,1,../data/images/train/dirty/WhatsApp Image 2020-12-26 at 12.40.51 AM (2).jpeg,JPEG,2025-07-03,79.97,800,600,480000,43.309062800269615,5.38142044019732,dirty
464,1,../data/images/train/dirty/WhatsApp Image 2020-08-25 at 12.48.12 PM (7).jpeg,JPEG,2025-07-03,35.312,557,600,334200,43.600740937468636,1.4304491309732081,dirty
465,1,../data/images/train/dirty/contenedorasdfsdf.jpg,JPG,2025-07-03,279.622,338,600,202800,45.78497061877015,4.843042045335761,dirty
466,1,../data/images/train/dirty/imm_demorara_cuatro_o_cinco_dias_en_levantar_basura_de_los_contenedores.jpg,JPG,2025-07-03,50.114,399,600,239400,43.612149970717496,3.870629280288456,dirty
467,1,../data/images/train/dirty/WhatsApp Image 2020-12-24 at 12.57.42 PM.jpeg,JPEG,2025-07-03,116.802,451,800,360800,43.59200789929413,1.4191238353241349,dirty
468,1,../data/images/train/dirty/4d7b8b72cd8cfd0b7cad769e3929e0cc37ba3581.temp.jpeg,JPEG,2025-06-03,22.072,141,250,35250,45.76494034426248,4.855870416495572,dirty
469,1,../data/images/train/dirty/WhatsApp Image 2020-12-26 at 12.38.06 AM (4).jpeg,JPEG,2025-07-03,73.41,800,600,480000,45.72902906030085,4.812760827425332,dirty
470,1,../data/images/train/dirty/e8e1d8c9b1181d47b72c23e4afad5919a4b88518.temp.jpeg,JPEG,2025-07-03,29.165,188,250,47000,48.86635346549846,2.3687827736917053,dirty
471,1,../data/images/train/dirty/216f8867d7bddce25fb42080ce1da98a25160ea2.temp.jpeg,JPEG,2025-07-03,24.552,141,250,35250,48.87432127120492,2.370048216396304,dirty
472,1,../data/images/train/dirty/WhatsApp Image 2020-07-11 at 5.57.47 PM (13).jpeg,JPEG,2025-07-03,56.338,425,600,255000,43.28760724883509,5.351052886355533,dirty
473,1,../data/images/train/dirty/WhatsApp Image 2020-08-25 at 12.56.49 PM (4).jpeg,JPEG,2025-07-03,27.03,481,600,288600,43.65274052563671,1.4424631044573961,dirty
474,1,../data/images/train/dirty/848.full.jpeg,JPEG,2025-07-03,1323.727,2048,1536,3145728,48.83857412362671,2.3676327629860268,dirty
475,1,../data/images/train/dirty/WhatsApp Image 2020-08-25 at 12.48.12 PM (14).jpeg,JPEG,2025-06-03,22.0,529,600,317400,43.61716619613309,1.4274322501776422,dirty
476,1,../data/images/train/dirty/3004.full.jpeg,JPEG,2025-07-03,3003.335,1836,3264,5992704,48.88613317250859,2.3460656720135633,dirty
477,1,../data/images/train/dirty/Czk22OOWgAACFQn.jpg,JPG,2025-07-03,77.738,450,600,270000,47.24634829406121,-1.5291083112474773,dirty
478,1,../data/images/train/dirty/WhatsApp Image 2020-07-27 at 9.02.34 AM.jpeg,JPEG,2025-07-03,56.023,644,600,386400,43.61116491525818,1.4628575816865723,dirty
479,1,../data/images/train/dirty/5220.full.jpeg,JPEG,2025-07-03,34.461,360,202,72720,43.294203119610344,5.3386409536464665,dirty
480,1,../data/images/train/dirty/WhatsApp Image 2020-12-26 at 2.19.44 PM (3).jpeg,JPEG,2025-07-03,44.675,800,600,480000,45.19679083628759,5.704686152227246,dirty
481,1,../data/images/train/dirty/WhatsApp Image 2020-12-20 at 11.28.53 AM (4).jpeg,JPEG,2025-07-03,200.141,1600,1196,1913600,48.85992176265016,2.378221048663246,dirty
482,1,../data/images/train/dirty/3931.full.jpeg,JPEG,2025-07-03,58.076,360,360,129600,45.16383063797439,5.719722385042668,dirty
483,1,../data/images/train/dirty/fe4399b2eb6d14378d93f573197217a809bef31a.temp.jpeg,JPEG,2025-07-03,26.03,188,250,47000,48.84613623812826,2.3412544032732496,dirty
484,1,../data/images/train/dirty/b881c47fa19dc6c21b05fb992dfd54a634bcf51a.temp.jpeg,JPEG,2025-07-03,20.423,141,250,35250,43.313544929780605,5.362839738274063,dirty
485,1,../data/images/train/dirty/WhatsApp Image 2020-12-26 at 12.39.51 AM.jpeg,JPEG,2025-07-03,45.636,600,800,480000,48.89379934012974,2.350501823350083,dirty
486,1,../data/images/train/dirty/WhatsApp Image 2020-10-14 at 1.29.29 PM.jpeg,JPEG,2025-07-03,291.184,1600,1196,1913600,48.85033952583567,2.361960881587575,dirty
487,1,../data/images/train/dirty/WhatsApp Image 2020-12-24 at 12.57.07 PM.jpeg,JPEG,2025-07-03,130.621,800,451,360800,45.74387768213833,4.805912138807014,dirty
488,1,../data/images/train/dirty/WhatsApp Image 2020-12-22 at 11.15.26 AM (2).jpeg,JPEG,2025-07-03,65.721,800,598,478400,43.590936806197995,1.4506760025521188,dirty
489,1,../data/images/train/dirty/1526.full.jpeg,JPEG,2025-07-03,526.496,1200,1600,1920000,47.22624169059402,-1.545920568949063,dirty
490,1,../data/images/train/dirty/2419.full.jpeg,JPEG,2025-07-03,1484.967,2560,1536,3932160,48.861787786179995,2.316795136233162,dirty
